{
  "approach": "dense_llm",
  "config": {
    "embedding_model": "all-MiniLM-L6-v2",
    "llm_model": "mistralai/Mistral-7B-Instruct-v0.3",
    "k": 7,
    "num_tools": 280,
    "num_queries": 56
  },
  "metrics": {
    "accuracy": 0.8035714285714286,
    "num_correct": 45,
    "num_queries": 56,
    "avg_latency_ms": 2193.52533199708,
    "avg_prompt_tokens": 1078.0357142857142,
    "avg_completion_tokens": 168.48214285714286,
    "avg_total_tokens": 1246.517857142857,
    "recall@1": 0.5892857142857143,
    "recall@3": 0.7321428571428571,
    "recall@5": 0.7857142857142857,
    "recall@7": 0.8035714285714286,
    "mrr": 0.6702380952380953
  }
}