{
  "approach": "dense_llm",
  "config": {
    "embedding_model": "all-MiniLM-L6-v2",
    "llm_model": "mistralai/Mistral-7B-Instruct-v0.3",
    "k": 3,
    "num_tools": 280,
    "num_queries": 56
  },
  "metrics": {
    "accuracy": 0.7678571428571429,
    "num_correct": 43,
    "num_queries": 56,
    "avg_latency_ms": 2562.7406835431298,
    "avg_prompt_tokens": 833.0357142857143,
    "avg_completion_tokens": 196.17857142857142,
    "avg_total_tokens": 1029.2142857142858,
    "recall@1": 0.5892857142857143,
    "recall@3": 0.7678571428571429,
    "recall@5": 0.7678571428571429,
    "recall@7": 0.7678571428571429,
    "mrr": 0.6726190476190477
  }
}