{
  "approach": "dense_llm",
  "config": {
    "embedding_model": "all-MiniLM-L6-v2",
    "llm_model": "mistralai/Mistral-7B-Instruct-v0.3",
    "k": 7,
    "num_tools": 280,
    "num_queries": 56
  },
  "metrics": {
    "accuracy": 0.8392857142857143,
    "num_correct": 47,
    "num_queries": 56,
    "avg_latency_ms": 2097.1902780958253,
    "avg_prompt_tokens": 1283.1607142857142,
    "avg_completion_tokens": 160.21428571428572,
    "avg_total_tokens": 1443.375,
    "recall@1": 0.5892857142857143,
    "recall@3": 0.7678571428571429,
    "recall@5": 0.8392857142857143,
    "recall@7": 0.8571428571428571,
    "mrr": 0.6925595238095239
  }
}