{
  "approach": "llm_hybrid",
  "config": {
    "embedding_model": "all-MiniLM-L6-v2",
    "llm_model": "mistralai/Mistral-7B-Instruct-v0.3",
    "rrf_k": 60,
    "retrieval_k": 5,
    "num_tools": 280,
    "num_queries": 56
  },
  "metrics": {
    "accuracy": 0.7678571428571429,
    "num_correct": 43,
    "num_queries": 56,
    "avg_latency_ms": 1845.2609573599018,
    "avg_prompt_tokens": 1264.125,
    "avg_completion_tokens": 139.66071428571428,
    "avg_total_tokens": 1403.7857142857142,
    "recall@1": 0.4642857142857143,
    "recall@3": 0.6607142857142857,
    "recall@5": 0.7678571428571429,
    "recall@7": 0.7678571428571429,
    "mrr": 0.5764880952380952
  }
}